OS,CM,ARR,CHD,VD,IHD,CCS,VOO,OHD
IOS,6.149724583710685,4.870573126846073,3.3092727952858736,3.850997130206792,5.35420694845603,3.727331764714601,2.5063540521734833,5.773974727527526
ROS,17.404801849486915,14.964788605131405,9.677208004690277,11.233194624155882,14.930151381326663,11.952281402821596,6.919638061467591,16.65760653187979
OOS,4.952687330296059,3.555402589556473,2.7861464384243817,3.0400751968321003,4.1374186700572,2.6964523766363433,2.1859977059889135,4.684198182919087
