OS,CM,ARR,CHD,VD,IHD,CCS,VOO,OHD
IOS,6.149724584,4.870573127,3.309272795,3.85099713,5.354206948,3.727331765,2.506354052,5.773974728
ROS,17.40480185,14.96478861,9.677208005,11.23319462,14.93015138,11.9522814,6.919638061,16.65760653
OOS,4.95268733,3.55540259,2.786146438,3.040075197,4.13741867,2.696452377,2.185997706,4.684198183