OS,CM,ARR,CHD,VD,IHD,CCS,VOO,OHD
IOS,6.336704830395062,4.900187909368002,3.336861251510668,3.841983259186022,5.534612120653542,3.793742744603273,2.2364355946755476,6.006010413962228
ROS,17.020469350594766,14.451337486012743,9.407231744342985,11.097777755424502,15.226413836202019,11.661714403343183,5.8320380129787,16.914836527511483
OOS,4.954243830344406,3.3712416778590737,2.5428640948564687,2.752538441415211,4.074361239872302,2.5574311863433072,1.9346184229465841,4.624164508371861
