,CM,ARR,CHD,VD,IHD,CCS,VOO,OHD
IOS,9.999243459013247,8.401151329934844,5.42166371768585,6.53287183268733,9.30628183584397,7.224206654182383,4.413471835679125,9.609320665873916
ROS,22.738614161442342,19.11694707385757,13.20887002038874,15.478819098017482,20.421802749260397,16.893568888223584,8.806732460488478,21.949738650501242
OOS,6.334817312529893,4.981727403286238,3.623073772066045,4.221772765247149,5.8860542939995595,4.208642246166234,3.166420710284887,5.948885547040305
